<?xml version="1.0" encoding="UTF-8"?>
<beans xmlns="http://www.springframework.org/schema/beans"
    xmlns:xsi="http://www.w3.org/2001/XMLSchema-instance" xmlns:context="http://www.springframework.org/schema/context"
    xsi:schemaLocation="http://www.springframework.org/schema/beans http://www.springframework.org/schema/beans/spring-beans-4.0.xsd
                            http://www.springframework.org/schema/context http://www.springframework.org/schema/context/spring-context-4.0.xsd">
 
    <context:component-scan base-package="scheduler" />
 
    <bean name="receiveJob"    class="org.springframework.scheduling.quartz.JobDetailFactoryBean">
        <property name="jobClass" value="scheduler.quartz.ScheduledJob" />
        <property name="jobDataMap">
            <map>
                <entry key="fileReceiver" value-ref="fileReceiver" />
            </map>
        </property>
        <property name="durability" value="true" />
    </bean>
    
    <bean id="sendJob" class="org.springframework.scheduling.quartz.MethodInvokingJobDetailFactoryBean">
        <property name="targetObject" ref="fileSender" />
        <property name="targetMethod" value="sendFile" />
    </bean>
 
     <bean id="cronTriggerReceiver"  class="org.springframework.scheduling.quartz.CronTriggerFactoryBean">
        <property name="jobDetail" ref="receiveJob" />
        <property name="cronExpression" value="0 0/1 * * * ?" /> <!-- for once in a week -  0 0 12 ? * SUN -->
    </bean>
    
	 <bean id="cronTriggerSender"  class="org.springframework.scheduling.quartz.CronTriggerFactoryBean">
        <property name="jobDetail" ref="sendJob" />
        <property name="cronExpression" value="5 0/1 * * * ?" /> <!-- for once in a week - 0/5 0 12 ? * SUN -->
    </bean>
 
    <bean  class="org.springframework.scheduling.quartz.SchedulerFactoryBean">
        <property name="jobDetails">
            <list>
            	<ref bean="receiveJob" />
                <ref bean="sendJob" />
            </list>
        </property>
 
        <property name="triggers">
            <list>
                <ref bean="cronTriggerReceiver" />
                <ref bean="cronTriggerSender" />
            </list>
        </property>
    </bean>
 
</beans>